Number,ID,Name,FoodPreference,Age,Sex,Kitchen,Kitchen_Story,Kitchen_Longitude,Kitchen_Latitude,ID_2,Name_2,Age_2,Sex_2
0,004670cb-47f5-40a4-87d8-5276c18616ec,Person1,veggie,21,male,maybe,3.0,8.673368271555807,50.5941282715558,,,,
1,01a099db-22e1-4fc3-bbf5-db738bc2c10b,Person2,none,26,male,yes,1.0,8.718914539788807,50.590899839788804,,,,
2,01be5c1f-4aa1-458d-a530-b1c109ffbb55,Person3,vegan,22,male,yes,,8.681372017093311,50.5820794170933,117ee996-14d3-44e8-8bcb-eb2d29fddda5,Personx1,25.0,male
3,01c1372d-d120-4459-9b65-39d56d1ad430,Person4,veggie,23,male,yes,1.0,8.683278559866123,50.58156255986612,ab81bb52-28b6-47dc-8d54-8d7c42ceaea1,Personx2,24.0,female
4,033d5f60-5853-4931-8b38-1d3da9910e6d,Person5,meat,28,male,yes,2.0,8.681891196038887,50.576791396038885,,,,
5,03ec42b3-de71-424d-a51d-f8a3977dac38,Person6,none,24,male,no,2.0,,,,,,
6,04b46884-c678-450a-a38e-9087bb67bf97,Person7,veggie,25,female,yes,2.0,8.661605134221313,50.57631493422131,c9fb104a-dd47-43c2-9714-e483839c1941,Personx3,21.0,female
7,05381170-b888-4457-a5f8-a528ac763236,Person8,none,26,female,yes,1.0,8.668413178974852,50.574996578974854,,,,
8,060800e6-8a64-4131-a292-22e5e1626b67,Person9,none,22,male,no,2.0,,,,,,
9,06082fb2-4297-4cf0-8840-c246d99f9700,Person10,vegan,30,male,yes,2.0,8.719772776126227,50.591925376126234,,,,
10,06d17797-9452-49e2-8e46-e1067a5fb901,Person11,veggie,21,female,yes,2.0,8.681190328226592,50.57991322822659,b5c6ef89-f72e-42e3-81cb-79b418e0fbce,Personx4,23.0,female
11,07b46a18-a534-4c2c-b154-ec28c1aae8a7,Person12,none,25,female,no,1.0,,,,,,
12,07b7446a-9d8b-478b-b3e9-e95b992fcf50,Person13,none,27,male,yes,2.0,8.674109948270395,50.5764905482704,,,,
13,08a7b852-9074-43bd-bc68-b2940fdf6bb9,Person14,none,25,male,no,-1.0,,,,,,
14,08f022cf-64f7-4b42-b3ae-01d24679c734,Person15,vegan,23,female,no,,,,,,,
15,0979c6b8-6a54-41e0-938e-92e9bb86fdf7,Person16,vegan,23,male,yes,4.0,8.683101670107648,50.584839070107655,84a6cc47-cbf4-4fe3-9cce-c388d8a45e57,Personx5,23.0,female
16,0b9f4fb1-bfdb-4b2d-afc7-919ae82c6d70,Person17,meat,24,female,maybe,1.0,8.688248785207652,50.58700358520764,,,,
17,0bd876d2-7c12-48ba-bcf2-ecc016e2e024,Person18,none,29,male,no,4.0,,,,,,
18,0c6a98a2-8c1f-4865-a43c-dc11c56f45dc,Person19,vegan,21,female,yes,3.0,8.677666037868752,50.593429237868754,1467edce-ad7c-47b6-8b4f-b23d197867d8,Personx6,21.0,female
19,0d005a3f-2e48-4b4d-9c8d-b222996ebad1,Person20,none,22,male,yes,,8.713355020601862,50.60878552060185,,,,
20,0d9df266-6187-4179-b258-881e0ad6d638,Person21,none,26,male,yes,,8.685734197139844,50.576635397139846,f3d3a0fd-8bcf-482b-94e1-a02947511509,Personx7,23.0,female
21,0e2d3b13-73b0-4d20-9a80-dd422504d04a,Person22,none,24,male,no,,,,,,,
22,10cf2d4e-541e-4707-8867-4fb296806696,Person23,veggie,23,female,maybe,2.0,8.669084504431382,50.58412450443137,,,,
23,112a5f61-0708-4071-acaf-2e005a427c58,Person24,meat,25,female,yes,3.0,8.676057363906686,50.586267363906686,471805da-0f86-4307-a9d5-138f839a3bb0,Personx8,22.0,male
24,141d3e33-bd78-4c74-b269-621278dd4788,Person25,veggie,26,male,yes,2.0,8.67437965355096,50.585509553550956,c7e6b279-c7c2-46fb-8751-7d97b0f9ffee,Personx9,25.0,female
25,14a89517-2e29-4bda-8ee6-733d502a41f5,Person26,veggie,28,female,yes,,8.67299054580773,50.576247145807734,d6199378-cf84-4fe9-9f1a-a04ae5039c76,Personx10,24.0,female
26,157329ba-094f-470d-ba76-84d96cd85096,Person27,veggie,25,female,yes,1.0,8.68117388238734,50.57964918238733,,,,
27,15abe192-f8d9-4958-89fb-a1b84b26204c,Person28,vegan,23,female,maybe,3.0,8.678239596150528,50.59166039615053,,,,
28,176e1b97-0101-4d0c-b519-75d6dbda35af,Person29,none,26,male,yes,1.0,8.690711820698867,50.598416220698866,,,,
29,1836d0a1-4a1e-40bc-810a-3ae011f961b0,Person30,veggie,25,female,no,1.0,,,,,,
30,196b3469-9e46-482b-9365-1b7d088b6394,Person31,none,28,male,no,3.0,,,,,,
31,19aab249-bbdf-4d6e-813f-24cc1c2af397,Person32,none,32,male,yes,2.0,8.715372110353728,50.58857771035373,e0cbe770-75f8-4b51-8622-e63f8436134f,Personx11,31.0,female
32,1a1a63a4-4557-4f12-bb54-cb82c51b26b7,Person33,veggie,25,female,yes,1.0,8.668840259833873,50.58220355983387,e0f91641-3263-42b9-becc-19ed66f84cdc,Personx12,26.0,male
33,1ad190d0-a95a-4f74-85b1-22f4812aab1b,Person34,none,23,female,no,2.0,,,,,,
34,1af22822-ab72-4483-9918-f017fe05a71a,Person35,meat,20,female,yes,1.0,8.6884154438459,50.5780036438459,84f0275b-a393-4505-a15e-c29a1cc5602d,Personx13,23.0,female
35,1c30b2f3-ef9e-4f23-bcc8-73b885fd11c5,Person36,veggie,23,female,yes,,8.66139991973554,50.577341819735544,69e3e25d-88a3-4d70-be6b-a0e55286e460,Personx14,26.0,female
36,1d363c90-7332-4f02-bba3-692704d862e9,Person37,none,26,male,no,3.0,,,,,,
37,1e3bed45-21d6-474d-9425-c16f206fb982,Person38,vegan,23,female,yes,3.0,8.68087643265624,50.579335732656226,b7e6003d-f02c-4749-9674-f33e0eb56a70,Personx15,29.0,male
38,21487e36-1815-4de0-875b-f649f2364320,Person39,none,23,male,yes,1.0,8.691501482641602,50.5856505826416,,,,
39,217bc984-371e-4303-bb87-064c172614db,Person40,veggie,23,female,yes,4.0,8.677676558333479,50.589846758333486,f4a5e941-ba8a-4aec-8574-384abcfcf7b3,Personx16,25.0,male
40,223d9272-505e-46e4-973e-18a12ec5e5cc,Person41,none,25,female,yes,1.0,8.662779615006515,50.578473215006504,9064fb5e-50a0-4422-bc62-4fccd74ba8f0,Personx17,30.0,male
41,23a51616-cfb7-46c0-8481-393c474fd230,Person42,none,19,female,yes,-1.0,8.698184706391327,50.604206006391344,6037f547-056f-44bb-9d33-6b3d4629ce07,Personx18,19.0,female
42,24fce62a-1b5d-40c6-ac9c-26b9ec59c59c,Person43,none,24,male,yes,2.0,8.67073904401206,50.57969724401207,,,,
43,25376a46-5175-4809-b83b-61639674b053,Person44,veggie,23,female,no,,,,,,,
44,256be822-fdb6-49b7-aa65-87484bda1fc4,Person45,vegan,21,female,yes,1.0,8.678769443500073,50.57918034350008,b41bc0da-cd62-4b6f-b9cb-06e4415197b9,Personx19,25.0,male
45,2636ebda-bb11-45a5-a276-af31de84bcf4,Person46,none,21,female,yes,2.0,8.67700965640616,50.587075956406174,,,,
46,2ac04303-c6cc-4f94-b68c-fa54049d5c66,Person47,none,24,male,yes,1.0,8.68003563518013,50.59493573518013,655f3c71-d4fb-486b-9245-58c05a7695a9,Personx20,27.0,female
47,2b5b3dc7-2db3-4755-8383-8eeb3c2cda73,Person48,none,32,male,yes,4.0,8.676833411700072,50.587137211700075,3a7d7e29-fd7d-4217-b913-e89f846e023b,Personx21,26.0,female
48,2c505c9b-e472-4449-bb4f-b992163030b9,Person49,none,22,female,yes,1.0,8.678883636644958,50.587188736644954,53767e91-54a7-413c-bd48-e8ad2db50d90,Personx22,23.0,male
49,2d2ce645-2b94-4d34-92f1-02c9c68c012f,Person50,none,23,female,yes,3.0,8.669987238017324,50.585691138017324,eb20fc4e-a45f-4e5b-b6e4-61b45f85d066,Personx23,23.0,female
50,2e4c6d4f-caf8-4b18-96c0-748a4011a738,Person51,vegan,24,female,yes,,8.668340710895189,50.583463310895176,4f3626bf-e765-4456-8c3d-d363f991114f,Personx24,21.0,other
51,2f438a06-8528-417a-abf0-6952b19e1b7b,Person52,veggie,22,female,yes,3.0,8.669987238017324,50.585691138017324,d8cfc7d0-6d38-4ada-b304-9285e60acaac,Personx25,22.0,female
52,302a8a85-8e25-49e5-9e7f-58979d7a8c47,Person53,none,32,male,yes,2.0,8.66552468117139,50.58983868117138,,,,
53,3149d95e-620a-46f4-a52b-e3e0eb46c767,Person54,veggie,22,male,yes,3.0,8.673517508857538,50.586979008857526,5bea6592-1141-4362-89ab-2624fae2dbc4,Personx26,22.0,male
54,347c3414-68d9-4c04-b250-3f3d0962b62f,Person55,none,33,male,no,1.0,,,,,,
55,34dd657f-1127-4cdb-8bbb-2c0093032e4f,Person56,none,25,male,no,3.0,,,,,,
56,352b16d0-0132-4188-a2bc-0345f2c127a1,Person57,vegan,23,female,yes,1.0,8.680141420721181,50.59395562072118,e0d23073-6a3b-4c4f-8c57-ad7329cb6972,Personx27,21.0,female
57,35f0273f-9b1a-43bf-ab6f-f71d4b12b555,Person58,vegan,27,female,no,,,,,,,
58,375e6c54-1939-4776-b8b1-ccf6e5c9453b,Person59,none,22,female,yes,1.0,8.684555849276553,50.58498324927655,4daa7a5f-a0ba-4801-baa9-9c2ebe2cf5c4,Personx28,24.0,female
59,3773162e-acb3-4187-8c24-ccd5d05548ab,Person60,veggie,23,female,maybe,1.0,8.668144436221954,50.58572953622196,,,,
60,38ab3623-7bc7-45d4-befb-18daa64d716b,Person61,veggie,25,female,yes,3.0,8.67598973297304,50.585041532973044,,,,
61,392807a5-b58d-45ee-9efe-956bdc102fec,Person62,veggie,26,female,no,2.0,,,,,,
62,3a5e1f9c-8984-406f-ad64-ef4d1c421e98,Person63,none,28,male,yes,2.0,8.674098255012767,50.58686865501276,,,,
63,3b452c99-3ac0-4256-86d9-5e5817b78d4d,Person64,veggie,22,female,yes,2.0,8.672532995582184,50.58742299558219,939c05b9-39c7-45b7-93c5-a40372cd0536,Personx29,23.0,female
64,3c1aaaae-13f5-4a32-bc2a-87fa6c1c5136,Person65,veggie,21,female,yes,5.0,8.678955722179989,50.59059052217999,9578aa41-9566-4b8e-9041-f290a3c3dd72,Personx30,19.0,female
65,3f2f0097-afbc-4b28-b29b-c5348c69f587,Person66,veggie,23,female,yes,2.0,8.682005004090913,50.58319270409091,c26e9336-795e-48cd-8ed7-4468256be9b1,Personx31,19.0,female
66,409b99d4-8abd-4e7a-8580-7d15e93f135a,Person67,none,23,male,maybe,1.0,8.67593888164987,50.58044888164987,,,,
67,41795a6c-9d2b-497d-b968-7e9874aff1e5,Person68,vegan,24,female,yes,,8.66915582248653,50.572325822486526,577b238a-8ab1-4711-91fa-4914430a6a27,Personx32,21.0,female
68,41db2a9e-b8a0-4c64-a68f-5028de3933b0,Person69,veggie,22,female,yes,1.0,8.68259769882404,50.58731039882404,730a17cb-894a-48b6-a966-2f8c6540f133,Personx33,25.0,female
69,41e80164-0b95-412e-a1f0-9dd65543e5b0,Person70,veggie,20,female,yes,2.0,8.682240307254789,50.58401170725479,c6d6c825-e3d1-4b16-ba46-34db633d57de,Personx34,19.0,female
70,42799f6e-6859-4f6f-a6aa-06efe274def6,Person71,veggie,19,female,yes,3.0,8.681680738784756,50.58466573878476,c6739e68-6c18-43e7-afd5-e7cc741e45fb,Personx35,19.0,female
71,436052cf-88d7-4ccf-9d1f-21fdeab2cd56,Person72,none,21,male,no,,,,,,,
72,45062ea3-8ca6-4474-b10a-de3a5b1c783b,Person73,none,26,female,no,3.0,,,,,,
73,497a3ba0-68b9-4cac-8f64-fd55bc1f697f,Person74,vegan,21,female,yes,3.0,8.669987238017324,50.585691138017324,cef146c5-6e43-41bf-8d3c-25d3ff264e84,Personx36,21.0,female
74,4a50249a-eb56-4ff4-9169-6b50885909c8,Person75,none,25,male,no,3.0,,,,,,
75,4aa00113-d953-40ca-b74f-3e35e3cf96e1,Person76,veggie,23,female,no,,,,,,,
76,4b1fc518-74c2-4079-8241-eb7a2678ea9c,Person77,none,26,male,yes,3.0,8.676578081971023,50.57886008197102,c8211630-712d-45ee-828c-e604bbed21f5,Personx37,26.0,female
77,4b483623-9c73-4e60-b426-b5e465dbb180,Person78,none,31,male,yes,2.0,8.666914349610986,50.580148849610985,f805021c-e757-48ef-8d10-b8200f111ba1,Personx38,28.0,male
78,4c190578-3a7e-47f0-a197-7cd136e08fc6,Person79,meat,26,male,no,2.0,,,,,,
79,4cc2fc20-7f1a-419e-87ec-147d4ea06e4f,Person80,meat,24,male,no,5.0,,,,,,
80,4daea94b-5422-4aa7-b4b9-7f7245fec23d,Person81,veggie,23,male,yes,4.0,8.68696797205963,50.57840827205963,,,,
81,4e123227-67ea-42f4-8643-304588317bf3,Person82,none,26,female,yes,1.0,8.671401346943897,50.5803595469439,,,,
82,4e30e938-cc67-48d4-9db9-062d83851b5a,Person83,none,22,female,yes,3.0,8.675706226345776,50.59410002634577,c1de4c44-5c61-49b3-a158-51ee0e81ca6b,Personx39,27.0,female
83,4f01e221-e7f0-4d30-9a06-dc08b62fd4fe,Person84,veggie,21,female,yes,1.0,8.682341842315855,50.58123324231586,a280c031-8c82-4ec1-983c-82abb3416baa,Personx40,21.0,female
84,506b57be-d646-4cbc-be05-6c0dde3d56fc,Person85,meat,22,male,no,4.0,,,,,,
85,517e320f-e02f-4fc4-b33e-cb92b42c4c85,Person86,vegan,25,female,yes,3.0,8.669987238017324,50.585691138017324,c2a46458-3ac4-47ae-8f99-d4beba57d937,Personx41,25.0,male
86,535fd731-b093-4483-ba2e-6d565230e073,Person87,none,28,male,maybe,2.0,8.690880762836139,50.59767386283614,,,,
87,537bc5fb-106a-4f03-88ba-c07a5d6f56c5,Person88,none,19,male,yes,,8.675704758682452,50.57915105868245,,,,
88,53b68a43-62e3-4298-8a5c-0d534dcaba37,Person89,veggie,23,male,yes,3.0,8.67304814385841,50.57709814385839,,,,
89,53ed6a31-acb6-427e-ba82-e36fcfecb030,Person90,veggie,23,female,yes,2.0,8.705241939354703,50.58915193935471,,,,
90,546c8976-f26a-4d9c-aec3-5a8fadec876f,Person91,veggie,23,female,yes,3.0,8.674675114778584,50.585729414778584,da25550d-b351-4d21-af08-2b441d51aeb2,Personx42,24.0,female
91,55449e35-96d5-4ff8-8efc-220a74ef257a,Person92,veggie,25,female,yes,1.0,8.679545611822883,50.58921591182288,,,,
92,559ebdd3-ca19-4796-9955-2af716c22f64,Person93,none,24,male,yes,2.0,8.677471387966227,50.57738138796623,dc6704fa-7137-4ba7-9fe8-f49c58a388b1,Personx43,27.0,male
93,55a11558-b2a7-4f06-a933-1d0404bfd4cc,Person94,veggie,25,female,yes,,8.677334512101142,50.584241512101144,c38064c7-8016-4769-8132-08b8c3ccd4d5,Personx44,24.0,female
94,56337011-75e0-4e11-8e08-4ba25238315b,Person95,none,28,male,maybe,3.0,8.66972376389794,50.581443763897944,,,,
95,56d4f735-63f8-4716-b64e-a05b4bba1ba0,Person96,none,21,female,yes,4.0,8.67298543444136,50.58641903444135,,,,
96,56d53664-6b86-4fe0-b83b-739b7d385110,Person97,meat,24,male,no,1.0,,,,,,
97,57c9dc43-6d97-45af-9b22-ad0b508e005b,Person98,none,23,male,yes,3.0,8.674957917295314,50.58590161729532,65a395f5-5448-4030-a223-22a0f4510f52,Personx45,23.0,female
98,589bb2c4-0129-4bf7-aa0b-bfd7068ea2dd,Person99,vegan,21,female,no,1.0,,,,,,
99,58f681a3-4bd7-44c7-b590-000fb6910032,Person100,none,24,male,no,,,,,,,
100,5910bcd1-8674-47a7-93f3-4a17aa671715,Person101,veggie,23,female,no,1.0,,,,,,
101,5aa7e38b-c843-4454-95d0-c3c3e639b4b9,Person102,none,25,female,no,3.0,,,,,,
102,5b523578-f280-4c56-a812-1ea903462e2f,Person103,meat,26,male,yes,1.0,8.667047732873854,50.58279563287387,,,,
103,5beeb7e6-e36d-45c9-8623-dda9cede105a,Person104,veggie,25,male,no,1.0,,,,,,
104,5bf64549-e47b-4211-8e8d-beabda41a63c,Person105,veggie,27,male,no,2.0,,,,,,
105,5e0d33ae-b661-413f-9c9e-03c4d000a9d2,Person106,veggie,22,male,yes,2.0,8.693517538734978,50.587770238734976,604d1113-95a3-4b05-938c-36b67133f041,Personx46,23.0,female
106,5e640d3d-8439-4d15-aa8c-14478ae3d7c5,Person107,veggie,28,female,yes,3.0,8.673384877370186,50.58417547737018,fdde8bd7-30a2-4185-a2df-c275d7c844ea,Personx47,35.0,female
107,60287ff5-33c8-465c-b52a-7ec29efea1e6,Person108,veggie,23,female,no,,,,,,,
108,63719e29-ed27-4d06-ac52-8df8d50a4be0,Person109,veggie,24,male,yes,3.0,8.707162602581494,50.590692602581505,da4bcc0e-cdd5-4766-9795-5ff7b5ba8c12,Personx48,24.0,female
109,63a73fac-f723-4c75-a84e-9c1d246baf80,Person110,none,22,male,no,2.0,,,,,,
110,666abc46-23e1-407f-acb5-2a53517a8cd0,Person111,veggie,21,female,yes,1.0,8.682407402875608,50.58129880287561,,,,
111,677a9945-9ede-47bd-b54f-78b2292f2557,Person112,veggie,25,female,yes,1.0,8.667047732873854,50.58279563287387,,,,
112,68d33413-39d7-4239-82ca-f3f4f23729d4,Person113,none,23,female,no,,,,,,,
113,6a59ed16-ccea-49e1-b0a5-c45f0d321e52,Person114,veggie,24,female,yes,3.0,8.677838956553922,50.59472645655391,a79c8cb5-9a26-4fea-9365-4e17c4b2198d,Personx49,21.0,female
114,6af6d3fe-8cc0-4735-8e4c-93af0b38cd6e,Person115,veggie,24,female,no,3.0,,,,,,
115,6c50be44-23e4-47ab-9c43-222a5a6ea4b8,Person116,veggie,24,female,yes,1.0,8.673298097177828,50.57875489717783,b8bc4de9-280b-42c8-97bf-e93a790873b3,Personx50,24.0,female
116,6c6631e6-a4d1-4480-bde6-49866525cb26,Person117,none,26,female,yes,1.0,8.663883678905329,50.57841747890533,bfbcac5e-1af1-449d-aed3-c352a1fe82f5,Personx51,27.0,male
117,6c7b60bb-ca4e-4a79-b214-8a85b47fe64b,Person118,veggie,26,female,yes,,8.675361827515003,50.576607127515,f1c0ce78-cd70-4b24-8345-8a5f61a7dd61,Personx52,23.0,female
118,6ca9e416-842c-4f1f-ab32-a82eaaeb9cc3,Person119,vegan,23,female,no,2.0,,,,,,
119,6d8163e8-011a-4c79-af27-f5e37f6810f0,Person120,veggie,22,female,yes,2.0,8.68348361247169,50.584671312471684,c26ffd65-9f31-4f35-95f6-4eef246816b1,Personx53,25.0,female
120,6e0a3fa7-f782-4fdf-9877-218cdc2b0d26,Person121,veggie,24,female,yes,,8.673342046004947,50.58207134600495,d0e1259f-f639-49b1-96c9-7edb8ed8fdc5,Personx54,22.0,female
121,703e1e19-e2ad-4fe1-b564-de65ffaba40c,Person122,none,21,female,no,3.0,,,,,,
122,71f6fe61-1373-43fd-8cb3-ab61e093065b,Person123,vegan,22,female,no,2.0,,,,,,
123,73eae26f-b26f-4d07-9fa0-5b279cbe93af,Person124,vegan,27,male,no,3.0,,,,,,
124,742271da-d2a7-4043-894f-ddb91f43515d,Person125,veggie,25,male,yes,3.0,8.675871008421705,50.587372108421704,,,,
125,75e436e6-2a92-4907-9754-ecc8ebb52632,Person126,veggie,27,female,yes,,8.676728843354113,50.57670884335411,,,,
126,771daf23-2a9a-4d5f-9ff7-9d26a2098439,Person127,veggie,22,female,yes,1.0,8.676555678271379,50.580791978271364,a22a1d74-86f4-4915-a746-5ace49269029,Personx55,21.0,female
127,783ea8be-386c-408c-a4a0-d9526e101754,Person128,none,26,male,no,,,,,,,
128,78d729bf-9f64-431d-b56b-35ed7fef8472,Person129,veggie,23,female,yes,2.0,8.681594030966668,50.58151713096667,d2174ae6-6b6f-41c0-b6b9-80b965e9db09,Personx56,24.0,female
129,79fe48aa-d7a3-406a-9d9e-56231dd1da01,Person130,veggie,23,male,no,1.0,,,,,,
130,7a6a875f-413a-460c-bdf6-8ab01714a8a0,Person131,vegan,21,female,maybe,2.0,8.672565020199283,50.57914452019928,,,,
131,7ab2dc62-60b4-4b2a-99aa-cc0b9cf33316,Person132,none,25,male,yes,2.0,8.673128831119259,50.57748513111925,aba82877-d688-4f71-a79c-3b459288860c,Personx57,28.0,male
132,7af355ab-2740-41f9-826f-c16289a4d999,Person133,veggie,25,female,no,3.0,,,,,,
133,7b62774f-7215-45db-9391-43fa48b5b39d,Person134,none,33,male,yes,2.0,8.690051707206509,50.58585800720651,,,,
134,7c129d36-3f0f-43df-a137-f43db7e2fbe6,Person135,none,24,male,yes,,8.70559476974097,50.605091169740966,,,,
135,7da66efb-7d75-4b72-b388-bbbb88c59918,Person136,veggie,20,female,no,2.0,,,,,,
136,7dc001b3-8098-4179-9396-3d247caf27b6,Person137,none,25,female,no,,,,,,,
137,7ef160be-b5cb-4283-86aa-47cae600eacf,Person138,vegan,22,female,maybe,3.0,8.669735587270592,50.584974587270594,,,,
138,823e7ec8-c04e-4bcb-8542-d4d90544eadb,Person139,none,28,female,yes,1.0,8.666420803639866,50.593135003639865,d958f185-409e-45b1-8c06-512d882d969f,Personx58,22.0,female
139,8280d117-c139-4124-a7e0-3a4474230721,Person140,meat,30,female,yes,1.0,8.675987725636151,50.58102612563615,def74c1b-56ed-4699-a652-422c6ba586be,Personx59,29.0,female
140,82968ef3-1407-4766-8e94-4aa604a81f45,Person141,veggie,25,male,yes,1.0,8.697032225211784,50.58218232521178,,,,
141,82b4141c-4f0c-43f4-8f69-9801f0be0846,Person142,none,27,male,no,,,,,,,
142,83ef96dc-29ef-4fb0-be32-1e9b2dd537ea,Person143,veggie,23,female,yes,,8.708555109865832,50.58999210986583,f81e2184-6841-4aaf-ae12-8b6b11e35a3c,Personx60,21.0,female
143,8557bfd3-437e-42eb-a94b-896e92f356e0,Person144,veggie,26,male,yes,2.0,8.67508333594985,50.58621323594985,ae5bb145-adf8-47c8-9cb8-ae559945f5e2,Personx61,24.0,female
144,871eeeee-19ae-4f98-a6a6-ba1f4f055aa1,Person145,none,20,male,yes,1.0,8.677430757765212,50.58573585776521,,,,
145,89b4a9ae-bb00-4581-a940-a62a90bd3e1b,Person146,veggie,21,female,maybe,1.0,8.667820533296938,50.58540563329694,,,,
146,8a5634cc-77cc-4148-a81e-4cd7a240b13b,Person147,meat,23,female,no,1.0,,,,,,
147,8aeb7dc1-6a86-4d0c-9e42-cf53945bf4d7,Person148,vegan,24,female,yes,2.0,8.677990515344048,50.58256051534405,d10ae172-bc41-4638-8175-7b9f241c02d7,Personx62,25.0,female
148,928b2cb1-83a8-4991-890f-a1e20da38d74,Person149,vegan,28,male,yes,,8.700981703134975,50.588465403134975,,,,
149,934df051-8c3e-4a1c-9ed6-eff931304329,Person150,vegan,23,male,no,1.0,,,,,,
150,936d7c55-3bff-4e08-b396-530bd5d385fa,Person151,veggie,23,female,yes,2.0,8.7062086633943,50.589738663394314,a1d88961-e8c5-4557-82d8-8519ecba3a61,Personx63,21.0,female
151,939f13d7-abc2-488c-8ee3-297c8a27685c,Person152,none,30,male,no,1.0,,,,,,
152,95f0482b-c31a-4e84-9f88-3c7ad335388f,Person153,veggie,23,female,no,,,,,,,
153,9636610a-b3f2-4260-82e6-339bd0e66f2f,Person154,none,24,female,no,2.0,,,,,,
154,98e7b81e-3c62-4cb9-8a6f-f5cf5e531b9c,Person155,none,25,female,yes,2.0,8.675285592695355,50.586022292695354,a668e7b7-33bd-4931-9e16-64cfb72f5af1,Personx64,30.0,female
155,99811d30-d09a-45ae-b42e-33c63117b39c,Person156,none,22,female,yes,1.0,8.667047732873854,50.58279563287387,,,,
156,9a5ee4a7-88bc-487f-ab17-0c9bf8d28e64,Person157,vegan,23,female,yes,,8.685748964106464,50.582358964106454,,,,
157,9b2b3189-626f-4263-9959-0c3ac70e4960,Person158,none,33,male,no,4.0,,,,,,
158,9b9b11c9-60b8-4c4d-b0cb-0a1101e1c66d,Person159,veggie,23,female,yes,,8.675942781168803,50.59390988116879,fd82aa5e-6a54-41b1-a001-69a8954dc835,Personx65,24.0,female
159,9bc2d632-92a4-4c96-a486-307815b2f3e0,Person160,none,25,male,no,3.0,,,,,,
160,9ea12276-1477-44f3-ba5e-7ea316cf51bf,Person161,veggie,26,male,yes,,8.696563125142836,50.606945025142835,,,,
161,9f5933bf-991c-429a-9fff-290d1fd5dad3,Person162,none,24,male,maybe,1.0,8.692939021612922,50.592228121612926,,,,
162,9f5c74f1-f575-4d1d-9a2f-2102ce0e5231,Person163,none,23,female,no,,,,,,,
163,a0274d48-f318-437d-acf0-d0bbd79e6c0b,Person164,veggie,22,female,no,2.0,,,,,,
164,a0e1e072-c01b-4b51-a78e-4b6bb44e2d9c,Person165,none,24,male,no,,,,,,,
165,a90aa722-b713-489b-949b-fa9ce0973aff,Person166,none,31,male,yes,1.0,8.66277111322317,50.578817813223175,,,,
166,ac242b63-b24b-48a1-9d1b-9079c1516827,Person167,veggie,22,female,no,2.0,,,,,,
167,ad30bd5a-a9cb-4f2a-a34d-ef441e16b4cb,Person168,none,20,female,no,4.0,,,,,,
168,add12b65-6042-4a5c-a436-a9b63f14a938,Person169,none,32,male,maybe,,8.67353055827551,50.59210195827551,,,,
169,ae496f33-0b23-4edf-bbfa-1fe0bd17e0aa,Person170,veggie,26,male,no,1.0,,,,,,
170,aea6006e-fe1d-4ec1-8114-a939be107920,Person171,meat,28,female,yes,1.0,8.669497129724807,50.582843329724795,e1c62091-6cbe-4a6e-a9f9-e8e655d78c96,Personx66,29.0,female
171,afa3ede4-d574-4d40-b38c-8cdaa2b35c57,Person172,veggie,23,female,no,,,,,,,
172,b029697b-1948-4157-8985-f65535835f1c,Person173,none,27,female,no,2.0,,,,,,
173,b08a0c1b-94b0-48d7-b17f-afa0e70dd30c,Person174,meat,32,male,no,,,,,,,
174,b139bd3a-df86-4a85-9dea-a522c178aafd,Person175,vegan,25,female,no,4.0,,,,,,
175,b1e5f448-5cae-4eea-a11a-6b96fec5ca19,Person176,vegan,25,female,yes,4.0,8.676798741197352,50.58160214119735,ed435b8f-85e4-4b3a-a449-79897d165bf6,Personx67,25.0,female
176,b1fb61c9-1a7a-4418-9eea-9d91a8c9e0dc,Person177,none,22,female,yes,1.0,8.673930215187932,50.59469021518793,fc200533-954e-4bde-82cb-0645c49a2311,Personx68,23.0,female
177,b3092fb5-4038-4095-b721-8294d3803717,Person178,veggie,25,female,no,2.0,,,,,,
178,b347562e-3a88-4221-9819-ddebf46c7b52,Person179,vegan,23,female,no,1.0,,,,,,
179,b438f89e-a469-49cb-a0f4-9bd88b22b2d0,Person180,veggie,22,female,yes,1.0,8.692885345053302,50.587227745053305,eb8268a5-27e5-4559-b2a7-e2a1da63a4ff,Personx69,25.0,male
180,b6321277-b8d2-4cad-9049-807817d769a8,Person181,none,26,male,yes,2.0,8.672899467150245,50.58217946715025,,,,
181,b6c1b7da-4794-438b-8b37-da3d4956cd4b,Person182,vegan,21,female,yes,,8.707346009513081,50.58878300951308,b756f4e5-bee0-4d84-a5e0-88123ae46d40,Personx70,26.0,female
182,b7df2ceb-3a4c-4957-aac8-a07e2d51b263,Person183,veggie,24,female,no,1.0,,,,,,
183,bcef484e-2c8e-4b4c-b84b-27ed18e82492,Person184,vegan,24,female,yes,2.0,8.671538236138767,50.57300523613877,d84b6edc-8d90-4346-b288-f17717c55740,Personx71,24.0,female
184,bec6bef2-5b6c-4d23-a212-891aa398b3f9,Person185,none,23,female,no,,,,,,,
185,bf5b7571-072c-49fd-a0f5-a1ac55b05d03,Person186,meat,31,male,no,,,,,,,
186,bff34ea9-0833-4160-b5d8-276f0b1bccf8,Person187,vegan,22,female,yes,4.0,8.671548852531592,50.590808852531595,,,,
187,c35d6334-64fe-4c35-b365-2978619a282c,Person188,none,24,female,no,2.0,,,,,,
188,c4348e9d-9d58-4552-83f5-18e73703a62c,Person189,vegan,27,female,yes,1.0,8.667047732873854,50.58279563287387,,,,
189,c7d52697-2e5a-48be-8c04-ebb71a6b28a6,Person190,veggie,22,female,yes,1.0,8.667047732873854,50.58279563287387,eb0d0000-ef4c-422a-a620-3a5f7e196337,Personx72,25.0,male
190,c8ba609a-9cda-40aa-91e1-9be84a15c497,Person191,none,26,male,maybe,,8.689115693797275,50.60129999379728,,,,
191,cbaa00f5-a68c-4d50-be92-7b470bf1d4f7,Person192,meat,26,female,no,1.0,,,,,,
192,cc289374-e973-48f3-9d6e-306de123bbdd,Person193,none,26,male,maybe,1.0,8.681216602209107,50.5775551022091,,,,
193,ce005944-7e23-45fe-ac75-23e0727599f5,Person194,veggie,25,female,no,2.0,,,,,,
194,cf202dd3-5dfa-4e53-aa9c-75950ba876a9,Person195,veggie,20,female,yes,1.0,8.690842318196824,50.58499141819682,,,,
195,cf20790f-5f2f-4423-ab25-ad1484979a27,Person196,none,25,male,yes,1.0,8.65772146601726,50.57093176601726,,,,
196,cf376b5d-8ae8-48fa-8ccd-3bcf4ac61c77,Person197,none,24,female,yes,2.0,8.683673316074112,50.595896616074114,,,,
197,cf57e825-66f1-43f6-ada2-e5705f6ead83,Person198,veggie,26,male,yes,1.0,8.681194363620625,50.582011463620624,,,,
198,cf807c01-31d5-433b-8c0a-bccb8c283d54,Person199,none,23,male,yes,2.0,8.675937684874144,50.59345798487414,,,,
199,d02f8e07-58f9-4acb-b060-9356880bf7db,Person200,veggie,23,female,no,,,,,,,
200,d13ab71d-84a4-493c-b2b5-b22d9952cbcc,Person201,none,24,female,yes,1.0,8.658652129889349,50.57186242988934,,,,
201,d1d4d524-4500-45a6-9430-f132a7ba7c42,Person202,veggie,29,male,no,3.0,,,,,,
202,d24ab236-1ed5-4e0e-befd-1238f7480515,Person203,meat,29,male,no,,,,,,,
203,d3099057-9219-454b-8702-f266a880d675,Person204,veggie,28,male,yes,,8.698584217770424,50.58606791777043,,,,
204,d512769c-54c9-457e-93a1-39ced215fd9f,Person205,veggie,24,female,yes,,8.69492300060721,50.60530490060721,,,,
205,d5592409-b91b-402c-9774-4cd02fcd8068,Person206,none,25,male,yes,1.0,8.709418000560788,50.58189800056079,,,,
206,d63e77ab-c3e1-4e80-aeca-457790747460,Person207,veggie,26,female,no,3.0,,,,,,
207,d733a278-b99f-4a3f-a781-ee34e9825f56,Person208,none,25,male,no,,,,,,,
208,d8ec89b6-f4ca-437a-90f1-462dd5176282,Person209,meat,33,male,no,,,,,,,
209,da246ba8-1aab-4662-ab3e-076cf086ffe5,Person210,veggie,22,female,maybe,2.0,8.68155454839554,50.58184724839554,,,,
210,dc9b0d57-bca1-4e1a-ae99-8bb8775f4ec2,Person211,veggie,27,female,yes,4.0,8.694084936773008,50.584194536773,,,,
211,df58025e-8df1-46fd-a005-a339e2e1112a,Person212,none,22,female,yes,1.0,8.686040586618924,50.58646798661892,,,,
212,e12fbee0-5921-4599-95c2-4e875a17b5ea,Person213,veggie,19,female,maybe,3.0,8.671049007062663,50.585202807062664,,,,
213,e2066b1c-9b5a-47bd-a679-b4371a1c8999,Person214,vegan,23,female,maybe,2.0,8.676411948295385,50.58098194829539,,,,
214,e3342b6f-2122-4048-a4c1-0316bcd661fe,Person215,none,29,male,yes,2.0,8.70259909717049,50.58946689717049,,,,
215,e483fee3-7479-49dc-b210-cab1591ff58d,Person216,veggie,29,female,yes,2.0,8.669050525274022,50.58128902527402,,,,
216,e4a03246-7bdf-48ab-9e67-15a34a06e584,Person217,none,22,female,yes,2.0,8.687233052727542,50.598128052727546,,,,
217,e64132d7-0358-4c24-b0a3-c30c6a70555e,Person218,none,26,male,no,,,,,,,
218,e82e3179-a0fa-4ee8-b5b0-f301f97158d6,Person219,none,25,female,yes,,8.677227638993099,50.5782781389931,,,,
219,e97364e4-aa35-463e-a9b5-17c65143e584,Person220,none,28,male,no,2.0,,,,,,
220,ea2869c2-4c8b-4422-af97-6aa0ed86b1df,Person221,veggie,23,female,no,1.0,8.675148091375458,50.578069691375454,,,,
221,ea6d9bcc-3058-4528-995f-006e8e876914,Person222,veggie,23,female,no,-1.0,,,,,,
222,eb01fd94-6299-4616-90be-5b50b962321e,Person223,none,25,male,maybe,,8.686014200624939,50.59846340062495,,,,
223,ecf9d8fc-0db5-4075-afb8-9b2a00c5bab3,Person224,none,24,male,maybe,3.0,8.684518874971834,50.57930597497183,,,,
224,eee79a0c-a1c6-4341-9b59-eadaffeea496,Person225,veggie,20,female,maybe,3.0,8.674644627436523,50.59540462743652,,,,
225,f020a745-e707-427a-9a4c-c4241ec6fc5e,Person226,veggie,26,male,maybe,2.0,8.676182964119043,50.58731286411904,,,,
226,f2b6ea7e-3e9d-465b-b328-c55d6ab9465a,Person227,none,25,male,maybe,3.0,8.68151506608149,50.59463476608149,,,,
227,f2f848e8-96d0-40e2-a7f8-7cd3751769ed,Person228,veggie,22,female,yes,5.0,8.675847472405028,50.57733957240503,fdc3673e-210f-4938-a7ef-f31a99574b29,Personx73,20.0,female
228,f3cb3919-3b61-4e48-ad21-8fe3187afed1,Person229,none,23,female,yes,1.0,8.683892496066427,50.588605196066425,,,,
229,f4651d55-e8f0-4d38-b0b8-6d69fac12494,Person230,none,26,male,maybe,3.0,8.672507551495851,50.58594115149584,,,,
230,f679cffa-811a-4265-bac2-60f12a542e5d,Person231,veggie,21,male,yes,4.0,8.705518693858256,50.58904869385827,,,,
231,f6afb0b2-752f-4c4d-a419-14fd0cd27a8e,Person232,none,25,male,yes,1.0,8.68238010723739,50.58709280723739,,,,
232,f6d28393-fb4a-4d9a-94af-78b35cd31b59,Person233,veggie,27,male,no,4.0,,,,,,
233,f8b7bae4-d711-488a-8041-fdcd1286777f,Person234,meat,30,male,yes,2.0,8.674385041595894,50.581491541595895,,,,
234,fcc4c645-dc03-4687-a0bd-18e3d3c610d3,Person235,vegan,24,male,no,3.0,,,,,,
235,fe47cfc7-d16a-49e6-ad3d-2284a2d85c71,Person236,vegan,28,male,yes,,8.661138031574977,50.576691831574976,,,,
236,ffaec9d9-b787-492a-a63d-01ef80a9cd11,Person237,veggie,24,female,yes,2.0,8.680194447739904,50.59294844773991,,,,
