{
  "ReadCSV":[{
  "properties": {
 "path": "string",
 "pairList":{
  "type" : " array",
  "items": {
        "$ref": "#/$defs/pair"
    }
   },
"participantList ":{
  "type" : " array",
  "items": {
        "$ref": "#/$defs/participant"
    }
   },
"listContainer":{
  "type" : " array",
  "items": {
        "pairList":" array",
        "participantList ":" array"
    }
   },
"file": "FileInputStream",
"stream": "InputStreamReader",
"buffer": "BufferedReade"
  },
  "additionalProperties": false,
  "required": [
    "groups",
    "pairs",
    "participant"
  ],
  "$defs": {
    "group": {
      "type": "object",
      "properties": {
        "course": {
          "enum": [
            "first",
            "main",
            "dessert"
          ]
        },
  "foodType": {
          "enum": [
            "meat",
            "veggie",
            "vegan",
            "none"
          ]
        },
        "kitchen": [{
            "kitchenLongitude": "double",
             "kitchenStory": "double",
           "kitchenLatitude": "double",
          "kitchenAvailable": "boolean"
        }
        ],
        "firstpair": {
          "participiant1":[ {
            "id":"string",
           "name": "string",
            "age": "int"          
          }
          ],
          "participiant2":[ {
            "id":"string",
           "name": "string",
            "age": "int"          
          }
          ]},
        "secondPair": {
          "participiant1":[ {
            "id":"string",
           "name": "string",
            "age": "int"          
          }
          ],
          "participiant2":[ {
            "id":"string",
           "name": "string",
            "age": "int"          
          }
          ]},
        "thirdPair": {
          "participiant1":[ {
            "id":"string",
           "name": "string",
            "age": "int"          
          }
          ],
          "participiant2":[ {
            "id":"string",
           "name": "string",
            "age": "int"          
          }
          ]}},
      "additionalProperties": false,
      "required": [
        "course",
        "foodType",
        "kitchen",
        "firstpair",
        "secondPair",
        "thirdPair"
      ]
    },
    "pair": {
      "type": "object",
      "properties": {
        "premade": {
          "notSeperable": "boolean"
        },
      "foodPreference": {
          "enum": [
            "meat",
            "veggie",
            "vegan",
            "none"
          ]
        },
        "firstParticipant":[ {
            "id":"string",
           "name": "string",
            "age": "int" 
          } ]
        ,
        "secondParticipant":[ {
            "id":"string",
           "name": "string",
            "age": "int" 
          } ]
    },
     "additionalProperties": false,
      "required": [
        "premade",
        "foodPreference",
        "firstParticipant",
        "secondParticipant"
      ]
    },
    "participant": [{
        "id": "string",
        "name": "string",
         "foodPreference":[{
          "enum": [
            "meat",
            "veggie",
            "vegan",
            "none"
          ]}],
         "age":  "integer",
        "sex": [{
          "enum": [
            "female",
            "male",
            "other"
          ]
        }],
        "kitchen":[{
          "kitchenLongitude": "double",
             "kitchenStory": "double",
           "kitchenLatitude": "double",
          "kitchenAvailable": "boolean"
        }],
     "additionalProperties": false,
      "required": [
        "id",
        "name",
        "foodPreference",
        "age",
        "gender",
        "kitchen"
      ]}
        ],
      "kitchen":[{
        "kitchen":"kitchen",
    "properties": {
        "emergencyKitchen":"boolean",
        "story": "integer",
        "longitude": "number",
        "latitude": "number"
        },
        "additionalProperties": false,
      "required": [
        "emergencyKitchen",
        "story",
        "longitude",
        "latitude"
      ]
      }]}}]}
     
     
 
    
  



